"time.window","diff","TOST_t1","TOST_p1","TOST_t2","TOST_p2","TOST_df","alpha","low_eqbound","high_eqbound","low_eqbound_dz","high_eqbound_dz","LL_CI_TOST","UL_CI_TOST","LL_CI_TTEST","UL_CI_TTEST"
"Window 1",0.155374004500474,1.49079685341991,0.0714958921673873,-3.99467641890943e-16,0.5,45,0.05,-0.155374004500474,0.155374004500474,-0.109903002148899,0.109903002148899,-0.194692952866101,0.505440961867048,-0.264454234726762,0.575202243727709
"Window 2",0.425473154016212,4.01966420441566,0.000109706268203385,0,0.5,45,0.05,-0.425473154016212,0.425473154016212,-0.296333576692431,0.296333576692431,0.0699453122088908,0.781000995823534,-0.000904213745257787,0.851850521777682
"Window 3",0.730215240235814,7.01339892080923,4.86712486619942e-09,-1.06632079607776e-15,0.5,45,0.05,-0.730215240235814,0.730215240235814,-0.517034628089379,0.517034628089379,0.3805007891312,1.07992969134043,0.310809754656592,1.14962072581504
"Window 4",0.751411431687546,5.10660688887962,3.22255298542989e-06,-3.77254877065877e-16,0.5,45,0.05,-0.751411431687546,0.751411431687546,-0.376464054505242,0.376464054505242,0.25717290149003,1.24564996188506,0.158681133883974,1.34414172949112
